Qualification,Subject
Advanced highers (SCQF level 7),Accounting
Advanced highers (SCQF level 7),Chinese Languages
Advanced highers (SCQF level 7),Classical Studies
Advanced highers (SCQF level 7),Design and Manufacture
Advanced highers (SCQF level 7),Economics
Advanced highers (SCQF level 7),Engineering Science
Advanced highers (SCQF level 7),GÃ idhlig
Advanced highers (SCQF level 7),Italian
Advanced highers (SCQF level 7),Latin
Advanced highers (SCQF level 7),Music Technology
Advanced highers (SCQF level 7),Music: Portfolio
Highers (SCQF level 6),Gaelic (Learners)
Highers (SCQF level 6),Urdu
National 5 (SCQF level 5),Classical Studies
National 5 (SCQF level 5),Urdu
Advanced highers (SCQF level 7),Gaelic (Learners)
Advanced highers (SCQF level 7),Health and Food Technology
